age,temp
0,1.29
0.001,1.29
0.002,1.37
0.003,1.19
0.004,1.17
0.005,1.24
0.006,1.13
0.007,1.06
0.008,0.98
0.009,1.05
0.01,0.83
0.011,0.7
0.012,0.19
0.013,-0.03
0.014,-0.38
0.015,-0.71
0.016,-1.13
0.017,-1.33
0.018,-1.56
0.019,-1.46
0.02,-1.51
0.021,-1.38
0.022,-1.33
0.023,-1.3
0.024,-1.22
0.025,-1.24
0.026,-1
0.027,-1.13
0.028,-1.13
0.029,-1.1
0.03,-0.92
0.031,-0.92
0.032,-0.89
0.033,-0.86
0.034,-0.87
0.035,-0.79
0.036,-0.65
0.037,-0.67
0.038,-0.59
0.039,-0.81
0.04,-0.81
0.041,-0.75
0.042,-0.73
0.043,-0.67
0.044,-0.7
0.045,-0.46
0.046,-0.51
0.047,-0.54
0.048,-0.65
0.049,-0.67
0.05,-0.48
0.051,-0.46
0.052,-0.43
0.053,-0.63
0.054,-0.54
0.055,-0.43
0.056,-0.49
0.057,-0.62
0.058,-0.71
0.059,-0.62
0.06,-0.89
0.061,-0.75
0.062,-0.89
0.063,-0.78
0.064,-0.51
0.065,-0.7
0.066,-0.84
0.067,-0.63
0.068,-0.6
0.069,-0.68
0.07,-0.44
0.071,-0.29
0.072,-0.27
0.073,-0.3
0.074,0.02
0.075,0.14
0.076,-0.03
0.077,-0.06
0.078,-0.02
0.079,-0.02
0.08,0.22
0.081,0.35
0.082,0.38
0.083,0.33
0.084,0.35
0.085,0.14
0.086,-0.03
0.087,-0.22
0.088,-0.11
0.089,-0.06
0.09,-0.03
0.091,0.02
0.092,0.1
0.093,0.22
0.094,0.32
0.095,0.43
0.096,0.46
0.097,0.33
0.098,0.22
0.099,0.41
0.1,0.37
0.101,0.19
0.102,0.29
0.103,0.25
0.104,0.19
0.105,0.3
0.106,0.06
0.107,0
0.108,-0.11
0.109,-0.13
0.11,0
0.111,0.03
0.112,0.02
0.113,0.17
0.114,0.37
0.115,0.52
0.116,0.73
0.117,0.79
0.118,0.95
0.119,1.17
0.12,1.22
0.121,1.24
0.122,1.37
0.123,1.49
0.124,1.22
0.125,1.43
0.126,1.4
0.127,1.06
0.128,0.52
0.129,0.22
0.13,0.59
0.131,0.37
0.132,-0.25
0.133,-0.59
0.134,-1.05
0.135,-1.3
0.136,-1.24
0.137,-1.21
0.138,-1.35
0.139,-1.32
0.14,-1.49
0.141,-1.22
0.142,-1.13
0.143,-1.17
0.144,-1.24
0.145,-1.11
0.146,-1.16
0.147,-1.24
0.148,-1.06
0.149,-1.13
0.15,-1.13
0.151,-0.98
0.152,-0.95
0.153,-0.92
0.154,-0.98
0.155,-0.75
0.156,-1.17
0.157,-1.11
0.158,-1.03
0.159,-0.98
0.16,-1.03
0.161,-0.97
0.162,-0.98
0.163,-1.05
0.164,-1.02
0.165,-1.02
0.166,-0.7
0.167,-0.59
0.168,-0.7
0.169,-0.73
0.17,-0.73
0.171,-0.78
0.172,-0.67
0.173,-0.54
0.174,-0.38
0.175,-0.44
0.176,-0.56
0.177,-0.67
0.178,-0.63
0.179,-0.7
0.18,-0.56
0.181,-0.67
0.182,-0.7
0.183,-0.52
0.184,-0.57
0.185,-0.87
0.186,-0.68
0.187,-0.57
0.188,-0.67
0.189,-0.56
0.19,-0.38
0.191,-0.14
0.192,0.44
0.193,0.19
0.194,0.32
0.195,0.21
0.196,0.35
0.197,0.48
0.198,0.35
0.199,0.75
0.2,0.81
0.201,0.81
0.202,0.65
0.203,0.68
0.204,0.41
0.205,0.35
0.206,0.43
0.207,0.41
0.208,0.52
0.209,0.63
0.21,0.75
0.211,0.7
0.212,0.68
0.213,0.62
0.214,0.76
0.215,0.79
0.216,0.81
0.217,0.89
0.218,0.51
0.219,0.16
0.22,0.1
0.221,-0.3
0.222,-0.54
0.223,-0.63
0.224,-0.56
0.225,-0.38
0.226,-0.4
0.227,-0.24
0.228,-0.24
0.229,0.03
0.23,-0.41
0.231,-0.29
0.232,-0.21
0.233,0.11
0.234,0.32
0.235,0.52
0.236,0.6
0.237,0.9
0.238,0.84
0.239,0.95
0.24,0.95
0.241,0.79
0.242,0.57
0.243,0.41
0.244,-0.02
0.245,-0.21
0.246,-0.54
0.247,-0.43
0.248,-0.54
0.249,-0.51
0.25,-0.73
0.251,-0.86
0.252,-0.94
0.253,-0.76
0.254,-0.84
0.255,-0.52
0.256,-0.62
0.257,-0.81
0.258,-0.75
0.259,-0.76
0.26,-0.67
0.261,-0.76
0.262,-0.65
0.263,-0.67
0.264,-0.6
0.265,-0.63
0.266,-0.73
0.267,-0.73
0.268,-0.46
0.269,-0.76
0.27,-0.75
0.271,-0.73
0.272,-0.63
0.273,-0.63
0.274,-0.54
0.275,-0.54
0.276,-0.41
0.277,-0.63
0.278,-0.43
0.279,-0.3
0.28,-0.16
0.281,-0.27
0.282,0.1
0.283,0.27
0.284,0.29
0.285,0.32
0.286,0.35
0.287,0.24
0.288,0.03
0.289,-0.03
0.29,-0.1
0.291,-0.11
0.292,-0.37
0.293,-0.29
0.294,-0.46
0.295,-0.43
0.296,-0.3
0.297,-0.41
0.298,-0.21
0.299,-0.3
0.3,0.03
0.301,-0.03
0.302,-0.03
0.303,0.06
0.304,-0.05
0.305,-0.05
0.306,-0.02
0.307,0.06
0.308,0.3
0.309,0.29
0.31,0.38
0.311,0.54
0.312,0.4
0.313,0.56
0.314,0.43
0.315,0.67
0.316,0.56
0.317,0.24
0.318,0.44
0.319,0.73
0.32,0.6
0.321,0.81
0.322,0.81
0.323,0.9
0.324,1.32
0.325,1.16
0.326,1.29
0.327,1.3
0.328,1.29
0.329,1.35
0.33,1.17
0.331,1.19
0.332,1.03
0.333,1.05
0.334,0.84
0.335,0.46
0.336,-0.06
0.337,-0.3
0.338,-0.21
0.339,-0.6
0.34,-0.89
0.341,-1.27
0.342,-1.25
0.343,-1.21
0.344,-1.14
0.345,-1.19
0.346,-1.02
0.347,-0.78
0.348,-0.71
0.349,-0.92
0.35,-1
0.351,-0.95
0.352,-0.68
0.353,-0.68
0.354,-0.57
0.355,-0.87
0.356,-0.67
0.357,-0.81
0.358,-0.86
0.359,-0.71
0.36,-0.79
0.361,-0.73
0.362,-0.73
0.363,-0.78
0.364,-0.51
0.365,-0.67
0.366,-0.44
0.367,-0.52
0.368,-0.57
0.369,-0.54
0.37,-0.51
0.371,-0.37
0.372,-0.6
0.373,-0.4
0.374,-0.48
0.375,-0.25
0.376,-0.27
0.377,-0.25
0.378,-0.24
0.379,-0.21
0.38,-0.24
0.381,-0.17
0.382,-0.02
0.383,-0.13
0.384,-0.06
0.385,-0.16
0.386,0.03
0.387,0.08
0.388,0.19
0.389,0.24
0.39,0.13
0.391,0.06
0.392,0.11
0.393,0.29
0.394,0.19
0.395,0.44
0.396,0.51
0.397,0.9
0.398,0.79
0.399,0.89
0.4,1.14
0.401,1.33
0.402,1.38
0.403,1.41
0.404,1.33
0.405,1.48
0.406,1.35
0.407,1.32
0.408,1.38
0.409,1.3
0.41,1.41
0.411,1.19
0.412,1.16
0.413,1.05
0.414,1
0.415,1
0.416,0.84
0.417,0.75
0.418,0.46
0.419,0.37
0.42,0.43
0.421,0.3
0.422,0.16
0.423,0.03
0.424,0.19
0.425,-0.41
0.426,-0.73
0.427,-0.41
0.428,-1.08
0.429,-1.38
0.43,-1.49
0.431,-1.6
0.432,-1.6
0.433,-1.65
0.434,-1.65
0.435,-1.56
0.436,-1.63
0.437,-1.37
0.438,-1.19
0.439,-1.32
0.44,-1.14
0.441,-1.44
0.442,-1.46
0.443,-1.38
0.444,-1.24
0.445,-1.38
0.446,-1.24
0.447,-0.75
0.448,-1.16
0.449,-1.1
0.45,-1.13
0.451,-0.86
0.452,-1.1
0.453,-0.83
0.454,-0.89
0.455,-0.59
0.456,-0.92
0.457,-0.94
0.458,-0.81
0.459,-0.94
0.46,-0.83
0.461,-0.87
0.462,-0.9
0.463,-0.9
0.464,-0.63
0.465,-0.84
0.466,-0.67
0.467,-0.63
0.468,-0.54
0.469,-0.75
0.47,-0.46
0.471,-0.33
0.472,-0.44
0.473,-0.51
0.474,-0.56
0.475,-0.49
0.476,-0.41
0.477,-0.37
0.478,-0.29
0.479,-0.13
0.48,-0.13
0.481,-0.21
0.482,0.05
0.483,0.11
0.484,0.4
0.485,0.37
0.486,0.44
0.487,0.51
0.488,0.59
0.489,0.7
0.49,0.79
0.491,0.9
0.492,0.65
0.493,0.51
0.494,0.33
0.495,0.33
0.496,0.33
0.497,0.57
0.498,0.35
0.499,0.46
0.5,0.32
0.501,0.41
0.502,0.46
0.503,0.37
0.504,0.21
0.505,0.29
0.506,0.05
0.507,0.17
0.508,-0.19
0.509,-0.03
0.51,-0.16
0.511,-0.03
0.512,-0.29
0.513,-0.33
0.514,-0.1
0.515,-0.1
0.516,0.05
0.517,0.13
0.518,-0.05
0.519,0.13
0.52,0.14
0.521,0.21
0.522,0.25
0.523,0.17
0.524,0.33
0.525,0.19
0.526,0.11
0.527,0.13
0.528,0.19
0.529,0.08
0.53,0.11
0.531,0.19
0.532,0.05
0.533,-0.11
0.534,-0.37
0.535,-0.4
0.536,-0.81
0.537,-0.62
0.538,-0.79
0.539,-0.7
0.54,-0.78
0.541,-0.73
0.542,-0.65
0.543,-0.65
0.544,-0.67
0.545,-0.62
0.546,-0.75
0.547,-0.78
0.548,-0.81
0.549,-0.78
0.55,-0.73
0.551,-0.65
0.552,-0.76
0.553,-0.67
0.554,-0.4
0.555,-0.33
0.556,-0.56
0.557,-0.49
0.558,-0.33
0.559,-0.21
0.56,-0.16
0.561,-0.27
0.562,-0.16
0.563,-0.21
0.564,0.05
0.565,0.13
0.566,0.29
0.567,0.16
0.568,0.06
0.569,0.11
0.57,0.21
0.571,0.24
0.572,0.71
0.573,0.62
0.574,0.49
0.575,1.03
0.576,0.92
0.577,0.89
0.578,0.86
0.579,0.75
0.58,0.56
0.581,0.06
0.582,-0.14
0.583,-0.4
0.584,-0.43
0.585,-0.46
0.586,-0.22
0.587,-0.11
0.588,-0.24
0.589,-0.05
0.59,-0.08
0.591,-0.05
0.592,0.03
0.593,0.08
0.594,0.22
0.595,0.25
0.596,0.24
0.597,0.38
0.598,0.08
0.599,0.03
0.6,-0.05
0.602,0.11
0.604,0.43
0.606,0.38
0.608,0.38
0.61,0.87
0.612,0.83
0.614,0.81
0.616,0.6
0.618,0.37
0.62,-0.08
0.622,-0.43
0.624,-0.94
0.626,-1.37
0.628,-1.54
0.63,-1.65
0.632,-1.6
0.634,-1.41
0.636,-1.52
0.638,-1.21
0.64,-1.54
0.642,-1.13
0.644,-1.02
0.646,-1.08
0.648,-1.13
0.65,-1.06
0.652,-1.19
0.654,-1.16
0.656,-0.84
0.658,-0.86
0.66,-0.95
0.662,-1.21
0.664,-0.86
0.666,-0.73
0.668,-0.97
0.67,-0.6
0.672,-0.76
0.674,-0.67
0.676,-0.57
0.678,-0.35
0.68,-0.16
0.682,-0.17
0.684,0.02
0.686,-0.14
0.688,0.14
0.69,0.54
0.692,0.52
0.694,0.63
0.696,0.86
0.698,0.75
0.7,0.62
0.702,0.44
0.704,0.32
0.706,0.17
0.708,0.02
0.71,0.1
0.712,-0.03
0.714,-0.4
0.716,-0.9
0.718,-1.13
0.72,-0.98
0.722,-0.97
0.724,-0.63
0.726,-0.44
0.728,-0.19
0.73,-0.19
0.732,0.03
0.734,-0.17
0.736,-0.24
0.738,-0.27
0.74,-0.11
0.742,-0.21
0.744,-0.7
0.746,-1
0.748,-0.87
0.75,-0.89
0.752,-0.7
0.754,-0.81
0.756,-0.87
0.758,-0.35
0.76,-0.46
0.762,-0.11
0.764,-0.38
0.766,-0.11
0.768,-0.05
0.77,0.08
0.772,0.27
0.774,0.44
0.776,0.63
0.778,0.76
0.78,0.89
0.782,0.79
0.784,0.78
0.786,0.57
0.788,0.54
0.79,-0.19
0.792,-0.37
0.794,-1.11
0.796,-1
0.798,-1.02
0.8,-1.02
0.802,-1.1
0.804,-0.81
0.806,-0.78
0.808,-0.71
0.81,-0.43
0.812,-0.54
0.814,-0.13
0.816,-0.06
0.818,0.22
0.82,0.13
0.822,0.22
0.824,0.19
0.826,-0.11
0.828,0.14
0.83,0
0.832,-0.05
0.834,0.14
0.836,0.35
0.838,0.08
0.84,0.03
0.842,0.37
0.844,0.59
0.846,0.73
0.848,0.65
0.85,0.86
0.852,0.62
0.854,0.65
0.856,0.92
0.858,0.98
0.86,0.94
0.862,0.57
0.864,0.73
0.866,-0.03
0.868,-0.44
0.87,-0.75
0.872,-1
0.874,-1.02
0.876,-1.03
0.878,-0.87
0.88,-1.02
0.882,-0.6
0.884,-0.68
0.886,-0.68
0.888,-0.65
0.89,-0.56
0.892,-0.44
0.894,-0.59
0.896,-0.57
0.898,-0.46
0.9,-0.4
0.902,-0.21
0.904,-0.16
0.906,-0.13
0.908,0.08
0.91,0.08
0.912,-0.08
0.914,0.02
0.916,-0.03
0.918,-0.52
0.92,-0.75
0.922,-0.81
0.924,-0.62
0.926,-0.54
0.928,-0.35
0.93,-0.1
0.932,-0.05
0.934,0.1
0.936,0.03
0.938,0.29
0.94,0.24
0.942,0.56
0.944,0.75
0.946,0.65
0.948,0.89
0.95,0.95
0.952,1.17
0.954,1.03
0.956,1.13
0.958,0.49
0.96,-0.19
0.962,-0.6
0.964,-0.86
0.966,-0.41
0.968,-0.27
0.97,-0.08
0.972,0.1
0.974,0.27
0.976,0.43
0.978,0.51
0.98,0.44
0.982,0.08
0.984,-0.17
0.986,-0.32
0.988,-0.27
0.99,-0.11
0.992,-0.03
0.994,0.16
0.996,0.32
0.998,0.32
1,0.16
1.002,-0.17
1.004,-0.38
1.006,-0.29
1.008,-0.29
1.01,-0.13
1.012,-0.14
1.014,0.08
1.016,0.49
1.018,0.41
1.02,0.33
1.022,0.75
1.024,0.63
1.026,0.27
1.028,0.32
1.03,0.14
1.032,-0.06
1.034,-0.51
1.036,-0.46
1.038,-0.79
1.04,-0.46
1.042,-0.3
1.044,-0.54
1.046,-0.29
1.048,-0.4
1.05,-0.22
1.052,-0.37
1.054,-0.33
1.056,-0.13
1.058,-0.3
1.06,-0.06
1.062,0.16
1.064,0.6
1.066,0.89
1.068,1.13
1.07,1.11
1.072,1.32
1.074,0.98
1.076,0.89
1.078,0.79
1.08,0.68
1.082,0.37
1.084,0.54
1.086,0.24
1.088,0.21
1.09,0.14
1.092,0.05
1.094,0.06
1.096,0.02
1.098,-0.4
1.1,-0.06
1.102,0.02
1.104,0.17
1.106,0.33
1.108,0.59
1.11,0.3
1.112,0.32
1.114,-0.13
1.116,-0.16
1.118,-0.25
1.12,-0.08
1.122,-0.68
1.124,-0.48
1.126,-0.73
1.128,-0.54
1.13,-0.44
1.132,-0.02
1.134,-0.29
1.136,-0.32
1.138,0.03
1.14,0.03
1.142,0.11
1.144,0.08
1.146,0.29
1.148,0.03
1.15,0.35
1.152,0.46
1.154,0.44
1.156,0.4
1.158,0.57
1.16,0.7
1.162,0.7
1.164,0.6
1.166,0.81
1.168,0.76
1.17,0.7
1.172,0.49
1.174,0.44
1.176,0.48
1.178,0.38
1.18,0.7
1.182,0.32
1.184,0.62
1.186,0.43
1.188,0.59
1.19,-0.02
1.192,-0.16
1.194,-0.37
1.196,-0.38
1.198,-0.62
1.2,-0.6
1.202,-0.25
1.204,-0.48
1.206,-0.19
1.208,-0.44
1.21,-0.25
1.212,-0.06
1.214,-0.1
1.216,0.35
1.218,0.49
1.22,0.11
1.222,0.16
1.224,0.48
1.226,0.65
1.228,0.78
1.23,0.98
1.232,1
1.234,1.11
1.236,1.05
1.238,1.1
1.24,1.13
1.242,0.9
1.244,0.3
1.246,-0.1
1.248,-0.51
1.25,-0.43
1.252,-0.33
1.254,-0.37
1.256,-0.11
1.258,0.22
1.26,0.27
1.262,-0.05
1.264,0.13
1.266,0.21
1.268,0.21
1.27,0.32
1.272,0.37
1.274,0.32
1.276,0.52
1.278,0.59
1.28,0.76
1.282,0.62
1.284,0.32
1.286,0.11
1.288,-0.35
1.29,-0.49
1.292,-0.16
1.294,0.16
1.296,-0.25
1.298,-0.17
1.3,-0.05
1.302,-0.03
1.304,0.11
1.306,0.22
1.308,0.38
1.31,0.62
1.312,0.56
1.314,0.52
1.316,0.71
1.318,0.49
1.32,0.14
1.322,0.16
1.324,0.08
1.326,0.06
1.328,-0.08
1.33,-0.03
1.332,0.03
1.334,-0.24
1.336,-0.24
1.338,-0.1
1.34,-0.24
1.342,-0.05
1.344,0.25
1.346,0.29
1.348,0.59
1.35,0.71
1.352,0.87
1.354,1
1.356,0.86
1.358,0.78
1.36,0.65
1.362,0.38
1.364,0.1
1.366,0.08
1.368,-0.25
1.37,0
1.372,-0.35
1.374,-0.27
1.376,-0.06
1.378,-0.25
1.38,-0.02
1.382,0.13
1.384,0.35
1.386,0.51
1.388,0.68
1.39,0.49
1.392,0.71
1.394,0.54
1.396,0.79
1.398,0.87
1.4,0.76
1.402,0.65
1.404,0.48
1.406,0.11
1.408,0.11
1.41,-0.25
1.412,-0.57
1.414,-0.29
1.416,0.13
1.418,0.32
1.42,0.13
1.422,0.33
1.424,0.51
1.426,0.51
1.428,0.68
1.43,0.83
1.432,1.05
1.434,1.05
1.436,1.27
1.438,1.27
1.44,1.21
1.442,1.11
1.444,1.13
1.446,1.08
1.448,1.1
1.45,0.87
1.452,0.38
1.454,-0.25
1.456,-0.43
1.458,-0.32
1.46,-0.1
1.462,-0.05
1.464,-0.29
1.466,0.08
1.468,0.27
1.47,0.67
1.472,0.94
1.474,1.05
1.476,1.16
1.478,0.98
1.48,1.03
1.482,0.95
1.484,0.75
1.486,0.98
1.488,0.98
1.49,0.84
1.492,0.43
1.494,-0.02
1.496,-0.51
1.498,-0.32
1.5,-0.27
1.502,-0.4
1.505,-0.19
1.508,-0.17
1.51,0.03
1.512,0.48
1.515,0.56
1.518,0.4
1.52,0.63
1.522,0.59
1.525,0.54
1.528,0.24
1.53,0.13
1.532,-0.25
1.535,-0.59
1.538,-0.49
1.54,-0.54
1.542,-0.41
1.545,-0.05
1.548,0.11
1.55,0.35
1.552,0.57
1.555,0.51
1.558,0.4
1.56,0.44
1.562,0.73
1.565,0.76
1.567,0.49
1.57,0.3
1.573,-0.21
1.575,-0.32
1.577,-0.22
1.58,0.08
1.583,0.08
1.585,0.38
1.587,0.6
1.59,0.51
1.593,0.29
1.595,0.52
1.597,0.68
1.6,0.81
1.603,1.06
1.605,0.78
1.607,0.6
1.61,0.6
1.613,0.25
1.615,0.32
1.617,0.22
1.62,0.62
1.623,0.57
1.625,0.44
1.627,0.05
1.63,0.78
1.633,0.75
1.635,0.76
1.637,0.7
1.64,0.57
1.643,0.25
1.645,-0.02
1.647,-0.21
1.65,-0.22
1.653,-0.33
1.655,-0.38
1.657,-0.11
1.66,-0.14
1.663,-0.06
1.665,-0.14
1.667,0.21
1.67,0.25
1.673,0.29
1.675,0.78
1.677,0.51
1.68,0.62
1.683,0.75
1.685,0.71
1.688,0.48
1.69,0.51
1.692,0.46
1.695,0.35
1.698,0.43
1.7,-0.08
1.702,-0.17
1.705,-0.13
1.708,-0.21
1.71,0.17
1.712,0.29
1.715,0.33
1.718,0.75
1.72,0.83
1.722,0.51
1.725,0.4
1.728,0.38
1.73,0.48
1.732,0.29
1.735,0.7
1.738,0.7
1.74,0.52
1.742,0.56
1.745,-0.14
1.748,-0.27
1.75,-0.19
1.752,0.3
1.755,0.48
1.758,0.33
1.76,0.81
1.762,0.65
1.765,0.87
1.768,0.83
1.77,0.89
1.772,1.05
1.775,0.81
1.778,0.75
1.78,0.62
1.782,0.38
1.785,0.43
1.788,0.3
1.79,0.08
1.792,-0.03
1.795,-0.08
1.798,0.24
1.8,0.14
1.802,0.38
1.805,0.57
1.808,0.6
1.81,0.83
1.812,0.57
1.815,0.68
1.817,0.1
1.82,0.35
1.823,0.49
1.825,0.51
1.827,0.62
1.83,0.98
1.833,0.65
1.835,0.57
1.837,0.75
1.84,0.75
1.843,0.75
1.845,0.68
1.847,0.38
1.85,0.67
1.853,0.68
1.855,0.76
1.857,0.63
1.86,0.24
1.863,-0.24
1.865,-0.19
1.867,0.11
1.87,0.14
1.873,0.33
1.875,0.32
1.877,0.49
1.88,0.43
1.883,0.56
1.885,0.46
1.887,0.71
1.89,0.57
1.893,0.68
1.895,0.48
1.897,0.56
1.9,0.03
1.903,0.17
1.905,0.05
1.907,0.33
1.91,0.37
1.913,0.37
1.915,0.54
1.917,0.63
1.92,0.54
1.923,0.62
1.925,0.86
1.927,0.89
1.93,0.84
1.933,0.94
1.935,0.83
1.938,0.73
1.94,0.84
1.942,0.03
1.945,0.02
1.948,-0.21
1.95,-0.1
1.952,0.03
1.955,0.24
1.958,0.43
1.96,0.29
1.962,0.22
1.965,0.48
1.968,0.68
1.97,0.46
1.972,0.86
1.975,0.78
1.978,0.94
1.98,1.13
1.982,1.05
1.985,1.08
1.988,0.83
1.99,0.62
1.992,0.57
1.995,0.73
1.998,0.56
2,0.3
2.002,0.37
2.005,0.19
2.007,0.24
2.01,0.78
2.013,0.65
2.015,0.37
2.018,0.79
2.02,0.75
2.022,0.92
2.025,1.27
2.027,0.95
2.03,1.11
2.033,1.08
2.035,0.76
2.038,0.65
2.04,0.59
2.042,0.67
2.045,0.19
2.047,0.41
2.05,0.52
2.053,0.67
2.055,0.7
2.058,0.51
2.06,0.48
2.062,0.25
2.065,-0.22
2.067,-0.22
2.07,-0.27
2.072,-0.38
2.075,-0.19
2.078,-0.17
2.08,0.13
2.083,0.08
2.085,0.3
2.087,0.25
2.09,0.54
2.092,0.65
2.095,0.87
2.098,0.92
2.1,0.95
2.103,0.78
2.105,0.6
2.107,0.65
2.11,0.84
2.112,0.86
2.115,0.86
2.118,0.51
2.12,0.57
2.123,0.57
2.125,0.86
2.127,0.9
2.13,1.14
2.132,1.19
2.135,1.19
2.138,1.11
2.14,1.29
2.143,0.95
2.145,0.7
2.147,0.06
2.15,-0.17
2.152,-0.29
2.155,-0.3
2.158,-0.1
2.16,-0.17
2.163,0.16
2.165,0.25
2.167,0.43
2.17,0.56
2.172,0.59
2.175,0.76
2.178,0.86
2.18,1.08
2.183,1
2.185,0.98
2.188,1.05
2.19,0.76
2.192,0.57
2.195,0.43
2.197,0.33
2.2,0.29
2.203,0.33
2.205,0.48
2.208,0.7
2.21,0.71
2.212,0.92
2.215,0.71
2.217,0.68
2.22,0.75
2.223,0.87
2.225,1.03
2.228,0.98
2.23,0.92
2.232,0.87
2.235,0.76
2.237,0.38
2.24,0.05
2.243,0.27
2.245,0.38
2.248,0.51
2.25,0.68
2.252,0.94
2.255,1.03
2.257,1.14
2.26,1.32
2.263,1.17
2.265,0.94
2.268,1.06
2.27,0.89
2.272,0.86
2.275,0.27
2.277,0.38
2.28,0.32
2.283,0.21
2.285,0.38
2.288,0.56
2.29,0.57
2.292,0.92
2.295,0.94
2.297,1.22
2.3,1.21
2.303,1.08
2.305,1.1
2.308,0.97
2.31,0.68
2.312,0.54
2.315,0.48
2.317,0.46
2.32,0.44
2.322,0.7
2.325,0.83
2.328,0.63
2.33,0.63
2.333,0.83
2.335,1.03
2.337,1.19
2.34,1.33
2.342,1.13
2.345,1.06
2.348,1.25
2.35,0.73
2.353,0.51
2.355,0.38
2.357,0.13
2.36,0.19
2.362,0.44
2.365,0.27
2.368,0.65
2.37,0.51
2.373,0.65
2.375,1.03
2.377,1.05
2.38,1.06
2.382,1.27
2.385,1.13
2.388,0.89
2.39,0.79
2.393,0.7
2.395,1
2.397,0.92
2.4,0.89
2.402,0.59
2.405,0.56
2.408,1
2.41,1.19
2.413,1.06
2.415,1.06
2.417,1.13
2.42,1.1
2.422,0.81
2.425,0.87
2.428,0.6
2.43,0.17
2.433,-0.21
2.435,-0.08
2.438,-0.16
2.44,0.05
2.442,0.06
2.445,0.14
2.447,0.21
2.45,0.49
2.453,0.56
2.455,0.94
2.458,1.03
2.46,1.03
2.462,1.32
2.465,1.25
2.467,1.16
2.47,1.14
2.473,0.97
2.475,0.75
2.478,0.54
2.48,0.54
2.482,0.13
2.485,0.08
2.487,-0.19
2.49,0.33
2.493,0.62
2.495,0.67
2.498,0.97
2.5,1.37
2.502,1.1
2.505,0.89
2.507,0.98
2.51,0.62
2.513,0.44
2.515,0.24
2.518,-0.13
2.52,-0.14
2.522,-0.03
2.525,-0.14
2.527,0.02
2.53,0.24
2.533,0.17
2.535,0.49
2.538,0.48
2.54,0.65
2.542,1.1
2.545,1.22
2.547,1.37
2.55,1.32
2.553,1.21
2.555,0.97
2.558,1.03
2.56,1.06
2.562,1.05
2.565,0.65
2.567,0.81
2.57,0.9
2.572,0.9
2.575,1
2.578,1.14
2.58,1.29
2.583,1.24
2.585,1.4
2.587,1.22
2.59,0.97
2.592,0.94
2.595,0.9
2.598,0.48
2.6,0.22
2.603,0.29
2.605,0.37
2.607,0.3
2.61,0.67
2.612,0.63
2.615,0.95
2.618,0.94
2.62,1.22
2.623,1.27
2.625,1.16
2.627,1.24
2.63,1.29
2.632,0.95
2.635,0.94
2.638,0.89
2.64,0.6
2.643,0.51
2.645,0.32
2.647,0.56
2.65,0.84
2.652,1
2.655,1.1
2.658,1.43
2.66,1.29
2.663,1.57
2.665,1.25
2.667,1.27
2.67,1.35
2.672,1.33
2.675,1.3
2.678,1.08
2.68,1.06
2.683,0.79
2.685,0.57
2.688,0.46
2.69,0.68
2.692,0.81
2.695,0.68
2.697,0.75
2.7,0.68
2.703,0.89
2.705,0.4
2.708,0.44
2.71,0.54
2.712,0.44
2.715,0.27
2.717,0.38
2.72,0.38
2.723,0.43
2.725,0.6
2.728,0.68
2.73,0.9
2.732,1.03
2.735,1.22
2.737,1.46
2.74,1.37
2.743,1.59
2.745,1.41
2.748,1.51
2.75,1.44
2.752,1.32
2.755,1.35
2.757,1.4
2.76,1.22
2.763,1.27
2.765,1.27
2.768,1.41
2.77,1.44
2.772,1.21
2.775,1.16
2.777,1.29
2.78,1.37
2.783,1.4
2.785,1.35
2.788,1.27
2.79,1.32
2.792,1.24
2.795,1
2.797,1.02
2.8,0.86
2.803,0.48
2.805,0.41
2.808,0.49
2.81,0.62
2.812,0.6
2.815,0.65
2.817,0.94
2.82,1.05
2.822,1.24
2.825,1.41
2.828,1.46
2.83,1.4
2.833,1.48
2.835,1.38
2.837,1.22
2.84,1.11
2.842,0.98
2.845,1.05
2.848,0.86
2.85,1.02
2.853,0.98
2.855,0.95
2.857,1.13
2.86,1.35
2.862,1.25
2.865,1.06
2.868,1.16
2.87,1.17
2.873,1.29
2.875,1.29
2.877,0.9
2.88,0.89
2.882,0.94
2.885,0.86
2.888,0.92
2.89,0.87
2.893,1.11
2.895,1.19
2.897,1.43
2.9,1.3
2.902,1.32
2.905,1.14
2.908,1.21
2.91,1.22
2.913,1.17
2.915,0.87
2.917,1
2.92,0.84
2.922,0.86
2.925,0.86
2.928,1.13
2.93,0.97
2.933,0.84
2.935,1.16
2.938,1.37
2.94,1.51
2.942,1.73
2.945,1.73
2.947,1.56
2.95,1.76
2.953,1.78
2.955,1.4
2.958,1.29
2.96,1.52
2.962,1.37
2.965,1.4
2.967,1.1
2.97,1.17
2.973,1.13
2.975,0.89
2.978,0.97
2.98,0.94
2.982,1.24
2.985,1.54
2.987,1.41
2.99,1.37
2.993,1.32
2.995,1.33
2.998,1.3
3,1.08
3.005,0.95
3.01,0.92
3.015,0.83
3.02,0.87
3.025,1.14
3.03,1.44
3.035,1.51
3.04,1.29
3.045,1.16
3.05,1.13
3.055,1.43
3.06,1.73
3.065,1.57
3.07,1.51
3.075,1.49
3.08,1.51
3.085,1.75
3.09,1.37
3.095,1.37
3.1,1.52
3.105,1.56
3.11,1.45
3.115,1.31
3.12,1.25
3.125,1.13
3.13,1.07
3.135,0.96
3.14,1.08
3.145,1.13
3.15,1.43
3.155,1.77
3.16,1.68
3.165,1.63
3.17,1.48
3.175,1.4
3.18,1.45
3.185,1.58
3.19,1.79
3.195,1.57
3.2,1.69
3.205,1.72
3.21,1.7
3.215,1.41
3.22,1.53
3.225,1.41
3.23,1.54
3.235,1.37
3.24,1.69
3.245,1.69
3.25,1.71
3.255,1.49
3.26,1.51
3.265,1.26
3.27,1.34
3.275,1.25
3.28,1.37
3.285,1.15
3.29,0.75
3.295,0.61
3.3,0.66
3.305,1.13
3.31,1.21
3.315,1.45
3.32,1.65
3.325,1.49
3.33,1.48
3.335,1.42
3.34,1.17
3.345,1.33
3.35,1.54
3.355,1.48
3.36,1.56
3.365,1.66
3.37,1.6
3.375,1.29
3.38,1.29
3.385,1.46
3.39,1.6
3.395,1.73
3.4,1.66
3.405,1.64
3.41,1.74
3.415,1.89
3.42,1.72
3.425,1.56
3.43,1.71
3.435,2.05
3.44,2.05
3.445,1.83
3.45,1.71
3.455,1.85
3.46,1.79
3.465,1.54
3.47,1.77
3.475,2.04
3.48,2.09
3.485,1.92
3.49,1.96
3.495,1.83
3.5,2.04
3.505,2.02
3.51,1.99
3.515,1.88
3.52,1.77
3.525,1.66
3.53,1.73
3.535,1.94
3.54,2.09
3.545,1.95
3.55,1.79
3.555,1.78
3.56,1.75
3.565,1.9
3.57,2.16
3.575,2.08
3.58,1.7
3.585,1.74
3.59,1.76
3.595,2.02
3.6,2
3.605,1.86
3.61,2.12
3.615,1.95
3.62,1.7
3.625,1.5
3.63,1.37
3.635,1.57
3.64,1.95
3.645,2.07
3.65,2.1
3.655,1.82
3.66,1.76
3.665,1.41
3.67,1.34
3.675,1.72
3.68,1.98
3.685,2.1
3.69,2.19
3.695,2.04
3.7,1.99
3.705,1.92
3.71,1.64
3.715,1.62
3.72,2.14
3.725,2.36
3.73,2.1
3.735,2.21
3.74,2.17
3.745,1.79
3.75,1.98
3.755,2.14
3.76,2.23
3.765,2.29
3.77,1.98
3.775,2
3.78,2.05
3.785,2.18
3.79,2.04
3.795,1.81
3.8,2.14
3.805,1.99
3.81,2.07
3.815,2.16
3.82,2.17
3.825,1.81
3.83,1.75
3.835,2.09
3.84,2.4
3.845,2.37
3.85,2.34
3.855,2.36
3.86,2.36
3.865,1.92
3.87,1.94
3.875,1.8
3.88,2.19
3.885,2.28
3.89,2.38
3.895,2.12
3.9,2.34
3.905,2.35
3.91,2.43
3.915,2.11
3.92,2.1
3.925,2.38
3.93,2.41
3.935,2.51
3.94,2.29
3.945,2.18
3.95,2.22
3.955,2.41
3.96,2.43
3.965,2.36
3.97,2.25
3.975,2.25
3.98,2.18
3.985,2.18
3.99,1.9
3.995,1.81
4,1.92
4.005,2.04
4.01,2.36
4.015,2.38
4.02,2.19
4.025,2.27
4.03,2.12
4.035,2.04
4.04,2
4.045,2.06
4.05,2.23
4.055,2.23
4.06,2.17
4.065,2.32
4.07,2.21
4.075,2.31
4.08,2.33
4.085,2.3
4.09,2.24
4.095,2.24
4.1,2.56
4.105,2.55
4.11,2.57
4.115,2.51
4.12,2.47
4.125,2.37
4.13,2.66
4.135,2.41
4.14,2.51
4.145,2.42
4.15,2.22
4.155,2.14
4.16,2.22
4.165,2.4
4.17,2.31
4.175,2.43
4.18,2.62
4.185,2.64
4.19,2.5
4.195,2.36
4.2,2.25
4.205,2.37
4.21,2.43
4.215,2.68
4.22,2.44
4.225,2.48
4.23,2.59
4.235,2.4
4.24,2.41
4.245,2.36
4.25,2.48
4.255,2.31
4.26,2.55
4.265,2.54
4.27,2.67
4.275,2.38
4.28,2.64
4.285,2.57
4.29,2.46
4.295,2.45
4.3,2.43
4.305,2.69
4.31,2.73
4.315,2.75
4.32,2.77
4.325,2.78
4.33,2.52
4.335,2.76
4.34,2.95
4.345,2.74
4.35,2.79
4.355,2.71
4.36,2.49
4.365,2.43
4.37,2.63
4.375,2.72
4.38,2.59
4.385,2.94
4.39,2.83
4.395,2.66
4.4,2.58
4.405,2.44
4.41,2.53
4.415,2.37
4.42,2.63
4.425,2.68
4.43,2.78
4.435,2.72
4.44,2.79
4.445,2.76
4.45,2.56
4.455,2.69
4.46,2.85
4.465,2.85
4.47,2.82
4.475,2.84
4.48,2.7
4.485,2.75
4.49,2.47
4.495,2.48
4.5,2.45
4.505,2.53
4.51,2.76
4.515,2.66
4.52,2.99
4.525,2.64
4.53,2.6
4.535,2.52
4.54,2.87
4.545,2.97
4.55,2.86
4.555,2.84
4.56,2.65
4.565,2.8
4.57,2.72
4.575,2.44
4.58,2.52
4.585,2.54
4.59,2.7
4.595,2.71
4.6,2.74
4.605,2.57
4.61,2.49
4.615,2.64
4.62,2.66
4.625,2.71
4.63,2.7
4.635,2.81
4.64,2.82
4.645,2.85
4.65,2.6
4.655,2.54
4.66,2.94
4.665,2.8
4.67,2.98
4.675,2.89
4.68,2.99
4.685,2.67
4.69,2.5
4.695,2.65
4.7,2.57
4.705,2.83
4.71,2.91
4.715,2.74
4.72,2.87
4.725,2.59
4.73,2.58
4.735,2.66
4.74,2.95
4.745,2.87
4.75,2.75
4.755,3.04
4.76,2.95
4.765,2.83
4.77,2.51
4.775,2.56
4.78,2.84
4.785,2.86
4.79,2.95
4.795,2.91
4.8,2.87
4.805,2.87
4.81,2.62
4.815,2.62
4.82,2.82
4.825,3.14
4.83,3.11
4.835,2.94
4.84,2.81
4.845,2.5
4.85,2.41
4.855,2.76
4.86,2.8
4.865,2.93
4.87,3.09
4.875,3.13
4.88,3.05
4.885,2.62
4.89,2.49
4.895,2.44
4.9,2.68
4.905,2.88
4.91,3.17
4.915,3.17
4.92,3
4.925,3.3
4.93,3.08
4.935,2.9
4.94,2.84
4.945,2.9
4.95,2.88
4.955,3.21
4.96,3.19
4.965,3.11
4.97,3.08
4.975,3.07
4.98,2.71
4.985,3.06
4.99,3.4
4.995,3.23
5,3.32
5.005,3.07
5.01,3.09
5.015,3.21
5.02,3.42
5.025,3.42
5.03,3.38
5.035,3.35
5.04,2.92
5.045,2.75
5.05,2.96
5.055,2.93
5.06,3.27
5.065,3.2
5.07,3.15
5.075,3.54
5.08,3.4
5.085,3.35
5.09,3.59
5.095,3.25
5.1,3.06
5.105,3
5.11,3.2
5.115,3.29
5.12,3.39
5.125,3.52
5.13,3.59
5.135,3.64
5.14,3.19
5.145,3.25
5.15,3.27
5.155,3.24
5.16,3.39
5.165,3.19
5.17,3.08
5.175,2.78
5.18,2.94
5.185,3.09
5.19,3.13
5.195,3.41
5.2,3.35
5.205,3.14
5.21,3.2
5.215,3.35
5.22,3.4
5.225,3.26
5.23,3.19
5.235,3.52
5.24,3.29
5.245,3.21
5.25,3.07
5.255,3.03
5.26,3.16
5.265,3.21
5.27,3.5
5.275,3.36
5.28,3.36
5.285,3.51
5.29,3.32
5.295,3.25
5.3,3.35
5.305,3.54
5.31,3.54
5.315,3.47
5.32,3.36
5.325,3.32
5.33,3.48
5.335,3.49
5.34,3.42
5.345,3.32
5.35,3.36
5.355,3.57
5.36,3.68
5.365,3.59
5.37,3.33
5.375,3.19
5.38,3.22
5.385,3.22
5.39,3.29
5.395,3.36
5.4,3.43
5.405,3.44
5.41,3.38
5.415,3.29
5.42,3.26
5.425,3.3
5.43,3.32
5.435,3.4
5.44,3.48
5.445,3.44
5.45,3.36
5.455,3.28
5.46,3.26
5.465,3.38
5.47,3.49
5.475,3.5
5.48,3.35
5.485,3.3
5.49,3.29
5.495,3.25
5.5,2.92
5.505,2.81
5.51,2.86
5.515,3.09
5.52,3.12
5.525,3.01
5.53,2.96
5.535,2.94
5.54,2.93
5.545,2.93
5.55,3.09
5.555,3.19
5.56,3.34
5.565,3.45
5.57,3.46
5.575,3.32
5.58,3.24
5.585,3.12
5.59,3.1
5.595,3
5.6,3.04
5.605,3.12
5.61,3.17
5.615,3.15
5.62,3.06
5.625,3.01
5.63,3.08
5.635,3.14
5.64,3.23
5.645,3.21
5.65,3.3
5.655,3.27
5.66,3.36
5.665,3.32
5.67,3.25
5.675,3.15
5.68,3.11
5.685,3.25
5.69,3.39
5.695,3.36
5.7,3.15
5.705,2.97
5.71,2.98
5.715,3.13
5.72,3.25
5.725,3.26
5.73,3.13
5.735,2.96
5.74,2.7
5.745,2.53
5.75,2.46
5.755,2.5
5.76,2.6
5.765,2.86
5.77,3.12
5.775,3.21
5.78,3.26
5.785,3.03
5.79,2.86
5.795,2.78
5.8,3.05
5.805,3.19
5.81,3.22
5.815,3.16
5.82,3.19
5.825,3.17
5.83,3.03
5.835,2.83
5.84,2.84
5.845,2.99
5.85,3.16
5.855,3.12
5.86,3.1
5.865,3.05
5.87,3.06
5.875,3.07
5.88,3.21
5.885,3.25
5.89,3.32
5.895,3.28
5.9,3.15
5.905,3.06
5.91,3.03
5.915,3.16
5.92,3.16
5.925,3.19
5.93,3.22
5.935,3.41
5.94,3.35
5.945,3.28
5.95,3.09
5.955,3.01
5.96,2.98
5.965,3.02
5.97,3.09
5.975,3.13
5.98,3.17
5.985,3.21
5.99,3.19
5.995,2.97
6,2.86
6.005,2.85
6.01,3.04
6.015,3.16
6.02,3.1
6.025,3.12
6.03,3
6.035,2.96
6.04,2.87
6.045,2.95
6.05,3.06
6.055,3.1
6.06,3.08
6.065,3.08
6.07,3
6.075,2.78
6.08,2.83
6.085,3.03
6.09,3.26
6.095,3.26
6.1,3.21
6.105,3.12
6.11,2.97
6.115,2.76
6.12,2.83
6.125,3.09
6.13,3.14
6.135,3.2
6.14,3.12
6.145,3.18
6.15,3.14
6.155,3.11
6.16,3.23
6.165,3.23
6.17,3.25
6.175,3.09
6.18,3.1
6.185,3.2
6.19,3.21
6.195,3.05
6.2,2.92
6.205,2.93
6.21,3.08
6.215,3.18
6.22,3.23
6.225,3.2
6.23,3.1
6.235,2.9
6.24,2.83
6.245,2.95
6.25,3.1
6.255,3.13
6.26,3.18
6.265,3.18
6.27,3.13
6.275,3.1
6.28,3.1
6.285,3.13
6.29,3.24
6.295,3.28
6.3,3.29
6.305,3.18
6.31,3.17
6.315,3.18
6.32,3.21
6.325,3.16
6.33,3.09
6.335,3.07
6.34,3.11
6.345,3.28
6.35,3.38
6.355,3.49
6.36,3.32
6.365,3.25
6.37,3.15
6.375,3.26
6.38,3.36
6.385,3.36
6.39,3.29
6.395,3.23
6.4,3.17
6.405,3.16
6.41,3.24
6.415,3.33
6.42,3.34
6.425,3.38
6.43,3.34
6.435,3.31
6.44,3.23
6.445,3.14
6.45,3.1
6.455,3.13
6.46,3.21
6.465,3.18
6.47,3.2
6.475,3.15
6.48,3.16
6.485,3.16
6.49,3.16
6.495,3.13
6.5,3.08
6.505,3.05
6.51,3.12
6.515,3.13
6.52,3.17
6.525,3.14
6.53,3.2
6.535,3.23
6.54,3.12
6.545,3.08
6.55,3.04
6.555,3.1
6.56,3.11
6.565,3.1
6.57,3.11
6.575,3.14
6.58,3.17
6.585,3.18
6.59,3.2
6.595,3.15
6.6,3.06
6.605,3.07
6.61,3.08
6.615,3.17
6.62,3.16
6.625,3.27
6.63,3.34
6.635,3.36
6.64,3.23
6.645,3.04
6.65,3.04
6.655,3.08
6.66,3.16
6.665,3.14
6.67,3.12
6.675,3.08
6.68,3.1
6.685,3.1
6.69,3.11
6.695,3.1
6.7,3.17
6.705,3.24
6.71,3.27
6.715,3.22
6.72,3.2
6.725,3.22
6.73,3.16
6.735,3.13
6.74,3.15
6.745,3.21
6.75,3.32
6.755,3.49
6.76,3.49
6.765,3.42
6.77,3.28
6.775,3.2
6.78,3.14
6.785,3.11
6.79,3.17
6.795,3.19
6.8,3.15
6.805,3.1
6.81,3.15
6.815,3.25
6.82,3.3
6.825,3.3
6.83,3.18
6.835,3.27
6.84,3.29
6.845,3.3
6.85,3.09
6.855,2.98
6.86,2.89
6.865,3.02
6.87,3.25
6.875,3.24
6.88,3.23
6.885,3.06
6.89,3.05
6.895,2.96
6.9,3.01
6.905,3.03
6.91,3.17
6.915,3.17
6.92,3.26
6.925,3.31
6.93,3.21
6.935,3.12
6.94,3.06
6.945,3.03
6.95,3.09
6.955,3.23
6.96,3.38
6.965,3.43
6.97,3.36
6.975,3.27
6.98,3.2
6.985,3.24
6.99,3.25
6.995,3.36
7,3.34
7.005,3.24
7.01,3.08
7.015,3.09
7.02,3.1
7.025,3.1
7.03,3.04
7.035,3.03
7.04,3.11
7.045,3.07
7.05,3.08
7.055,3.05
7.06,3.13
7.065,3.16
7.07,3.24
7.075,3.27
7.08,3.33
7.085,3.34
7.09,3.22
7.095,3.09
7.1,2.99
7.105,3.05
7.11,3.16
7.115,3.24
7.12,3.25
7.125,3.16
7.13,3.07
7.135,3.02
7.14,3.02
7.145,3.07
7.15,3.18
7.155,3.25
7.16,3.36
7.165,3.38
7.17,3.31
7.175,3.14
7.18,3.02
7.185,3.03
7.19,3.18
7.195,3.38
7.2,3.51
7.205,3.51
7.21,3.45
7.215,3.29
7.22,3.2
7.225,3.11
7.23,3.1
7.235,3.16
7.24,3.27
7.245,3.34
7.25,3.37
7.255,3.2
7.26,3.14
7.265,3.07
7.27,3.17
7.275,3.27
7.28,3.29
7.285,3.27
7.29,3.18
7.295,3.17
7.3,3.13
7.305,3.19
7.31,3.24
7.315,3.33
7.32,3.39
7.325,3.42
7.33,3.38
7.335,3.23
7.34,3.1
7.345,3.1
7.35,3.18
7.355,3.28
7.36,3.37
7.365,3.39
7.37,3.36
7.375,3.33
7.38,3.28
7.385,3.21
7.39,3.2
7.395,3.19
7.4,3.16
7.405,3.1
7.41,3.16
7.415,3.19
7.42,3.27
7.425,3.35
7.43,3.4
7.435,3.42
7.44,3.32
7.445,3.2
7.45,3.11
7.455,3.08
7.46,3
7.465,2.98
7.47,2.94
7.475,3.01
7.48,3.03
7.485,3.02
7.49,3.02
7.495,3
7.5,3.01
7.505,3.09
7.51,3.16
7.515,3.24
7.52,3.31
7.525,3.35
7.53,3.34
7.535,3.32
7.54,3.24
7.545,3.22
7.55,3.17
7.555,3.17
7.56,3.19
7.565,3.22
7.57,3.17
7.575,3.2
7.58,3.1
7.585,3.12
7.59,3.05
7.595,3.06
7.6,3.08
7.605,3.1
7.61,3.22
7.615,3.29
7.62,3.23
7.625,3.14
7.63,2.96
7.635,2.91
7.64,2.84
7.645,2.9
7.65,2.97
7.655,3.08
7.66,3.23
7.665,3.28
7.67,3.26
7.675,3.19
7.68,3.1
7.685,3.07
7.69,2.96
7.695,2.99
7.7,3.02
7.705,3.12
7.71,3.19
7.715,3.24
7.72,3.29
7.725,3.29
7.73,3.25
7.735,3.17
7.74,3.07
7.745,3.1
7.75,3.2
7.755,3.27
7.76,3.25
7.765,3.14
7.77,3.18
7.775,3.21
7.78,3.32
7.785,3.31
7.79,3.26
7.795,3.07
7.8,2.99
7.805,2.9
7.81,3
7.815,3.01
7.82,3.09
7.825,3.11
7.83,3.13
7.835,3.14
7.84,3.08
7.845,3.13
7.85,3.12
7.855,3.14
7.86,3.22
7.865,3.34
7.87,3.44
7.875,3.32
7.88,3.18
7.885,3.05
7.89,3.02
7.895,3.03
7.9,3.13
7.905,3.22
7.91,3.25
7.915,3.21
7.92,3.19
7.925,3.11
7.93,3.13
7.935,3.17
7.94,3.17
7.945,3.15
7.95,3.21
7.955,3.27
7.96,3.26
7.965,3.26
7.97,3.25
7.975,3.23
7.98,3.12
7.985,3.08
7.99,3.04
7.995,3.04
8,3.07
8.005,3.18
8.01,3.24
8.015,3.2
8.02,3.13
8.025,3.04
8.03,3.12
8.035,3.09
8.04,3.17
8.045,3.27
8.05,3.35
8.055,3.34
8.06,3.24
8.065,3.15
8.07,3.09
8.075,3.06
8.08,3.07
8.085,3.09
8.09,3.12
8.095,3.05
8.1,3.01
8.105,2.94
8.11,2.99
8.115,3.03
8.12,3.08
8.125,3.18
8.13,3.2
8.135,3.07
8.14,2.95
8.145,2.92
8.15,2.94
8.155,3.04
8.16,3.01
8.165,3.14
8.17,3.12
8.175,3.21
8.18,3.27
8.185,3.36
8.19,3.49
8.195,3.48
8.2,3.49
8.205,3.42
8.21,3.48
8.215,3.42
8.22,3.44
8.225,3.36
8.23,3.54
8.235,3.49
8.24,3.58
8.245,3.47
8.25,3.59
8.255,3.61
8.26,3.66
8.265,3.68
8.27,3.63
8.275,3.46
8.28,3.37
8.285,3.23
8.29,3.44
8.295,3.4
8.3,3.55
8.305,3.52
8.31,3.66
8.315,3.7
8.32,3.84
8.325,3.83
8.33,3.82
8.335,3.76
8.34,3.62
8.345,3.66
8.35,3.64
8.355,3.78
8.36,3.85
8.365,3.95
8.37,3.93
8.375,3.91
8.38,3.87
8.385,3.77
8.39,3.71
8.395,3.65
8.4,3.63
8.405,3.66
8.41,3.68
8.415,3.77
8.42,3.81
8.425,3.85
8.43,3.79
8.435,3.74
8.44,3.77
8.445,3.78
8.45,3.8
8.455,3.77
8.46,3.62
8.465,3.56
8.47,3.5
8.475,3.71
8.48,3.78
8.485,3.84
8.49,3.76
8.495,3.72
8.5,3.57
8.505,3.6
8.51,3.71
8.515,3.79
8.52,3.84
8.525,3.61
8.53,3.75
8.535,3.76
8.54,3.96
8.545,3.92
8.55,3.94
8.555,3.89
8.56,3.87
8.565,3.89
8.57,3.99
8.575,3.96
8.58,3.96
8.585,3.88
8.59,4
8.595,4.05
8.6,4.09
8.605,4.07
8.61,3.97
8.615,3.95
8.62,3.98
8.625,3.95
8.63,3.87
8.635,3.83
8.64,3.82
8.645,3.84
8.65,3.81
8.655,3.8
8.66,3.75
8.665,3.73
8.67,3.75
8.675,3.76
8.68,3.76
8.685,3.7
8.69,3.52
8.695,3.44
8.7,3.47
8.705,3.61
8.71,3.73
8.715,3.82
8.72,3.81
8.725,3.88
8.73,3.94
8.735,4.02
8.74,4.08
8.745,4.07
8.75,4.03
8.755,4.02
8.76,4.11
8.765,4.13
8.77,4.03
8.775,3.99
8.78,3.95
8.785,4.08
8.79,4.22
8.795,4.31
8.8,4.38
8.805,4.27
8.81,4.32
8.815,4.15
8.82,4.16
8.825,4.12
8.83,4.21
8.835,4.23
8.84,4.08
8.845,4.09
8.85,4
8.855,4.08
8.86,4.11
8.865,4.06
8.87,4.06
8.875,4.14
8.88,4.26
8.885,4.29
8.89,4.18
8.895,4.14
8.9,4.1
8.905,4.14
8.91,4.19
8.915,4.31
8.92,4.37
8.925,4.46
8.93,4.53
8.935,4.49
8.94,4.25
8.945,4.03
8.95,3.87
8.955,3.91
8.96,3.95
8.965,4
8.97,4.04
8.975,4.14
8.98,4.18
8.985,4.23
8.99,4.27
8.995,4.3
9,4.31
9.2,3
9.3,3.07
9.4,3.1
9.5,3.11
9.6,3.13
9.7,3.2
9.8,3.32
9.9,3.48
10,3.62
10.1,3.67
10.2,3.64
10.3,3.59
10.4,3.52
10.5,3.46
10.6,3.45
10.7,3.48
10.8,3.54
10.9,3.63
11,3.72
11.1,3.76
11.2,3.73
11.3,3.65
11.4,3.54
11.5,3.39
11.6,3.22
11.7,3.06
11.8,2.93
11.9,2.87
12,2.89
12.1,2.98
12.2,3.08
12.3,3.18
12.4,3.26
12.5,3.35
12.6,3.45
12.7,3.57
12.8,3.71
12.9,3.88
13,4.02
13.1,4.16
13.2,4.3
13.3,4.41
13.4,4.47
13.5,4.51
13.6,4.51
13.7,4.47
13.8,4.46
13.9,4.52
14,4.67
14.1,4.92
14.2,5.23
14.3,5.58
14.4,5.91
14.5,6.2
14.6,6.41
14.7,6.58
14.8,6.76
14.9,6.99
15,7.28
15.1,7.59
15.2,7.86
15.3,8.02
15.4,8.01
15.5,7.83
15.6,7.58
15.7,7.35
15.8,7.17
15.9,7.09
16,7.16
16.1,7.36
16.2,7.62
16.3,7.89
16.4,8.09
16.5,8.18
16.6,8.18
16.7,8.09
16.8,7.95
16.9,7.78
17,7.61
17.1,7.44
17.2,7.27
17.3,7.08
17.4,6.9
17.5,6.77
17.6,6.73
17.7,6.81
17.8,6.98
17.9,7.18
18,7.34
18.1,7.43
18.2,7.46
18.3,7.44
18.4,7.42
18.5,7.39
18.6,7.36
18.7,7.29
18.8,7.17
18.9,7.01
19,6.88
19.1,6.77
19.2,6.68
19.3,6.62
19.4,6.54
19.5,6.45
19.6,6.34
19.7,6.23
19.8,6.17
19.9,6.18
20,6.2
20.1,6.19
20.2,6.13
20.3,5.97
20.4,5.77
20.5,5.6
20.6,5.52
20.7,5.56
20.8,5.69
20.9,5.88
21,6.07
21.1,6.28
21.2,6.55
21.3,6.9
21.4,7.28
21.5,7.6
21.6,7.81
21.7,7.88
21.8,7.83
21.9,7.67
22,7.43
22.1,7.14
22.2,6.81
22.3,6.53
22.4,6.33
22.5,6.19
22.6,6.07
22.7,5.92
22.8,5.75
22.9,5.65
23,5.75
23.1,6.14
23.2,6.68
23.3,7.19
23.4,7.56
23.5,7.72
23.6,7.7
23.7,7.59
23.8,7.41
23.9,7.15
24,6.83
24.1,6.53
24.2,6.32
24.3,6.23
24.4,6.19
24.5,6.12
24.6,6.02
24.7,5.93
24.8,5.9
24.9,5.93
25,5.96
25.1,5.94
25.2,5.81
25.3,5.62
25.4,5.39
25.5,5.12
25.6,4.8
25.7,4.47
25.8,4.14
25.9,3.89
26,3.75
26.1,3.72
26.2,3.85
26.3,4.15
26.4,4.53
26.5,4.9
26.6,5.13
26.7,5.14
26.8,4.94
26.9,4.64
27,4.36
27.1,4.25
27.2,4.39
27.3,4.77
27.4,5.26
27.5,5.75
27.6,6.13
27.7,6.37
27.8,6.43
27.9,6.31
28,6.05
28.1,5.68
28.2,5.3
28.3,4.99
28.4,4.81
28.5,4.76
28.6,4.81
28.7,4.92
28.8,5.02
28.9,5.08
29,5.11
29.1,5.18
29.2,5.31
29.3,5.48
29.4,5.69
29.5,5.86
29.6,5.97
29.7,6
29.8,5.98
29.9,5.91
30,5.82
30.1,5.72
30.2,5.64
30.3,5.59
30.4,5.57
30.5,5.57
30.6,5.6
30.7,5.64
30.8,5.67
30.9,5.67
31,5.65
31.1,5.64
31.2,5.65
31.3,5.69
31.4,5.75
31.5,5.82
31.6,5.9
31.7,5.97
31.8,6.04
31.9,6.11
32,6.15
32.1,6.15
32.2,6.12
32.3,6.06
32.4,5.94
32.5,5.77
32.6,5.65
32.7,5.67
32.8,5.85
32.9,6.13
33,6.33
33.1,6.32
33.2,6.08
33.3,5.71
33.4,5.39
33.5,5.25
33.6,5.31
33.7,5.48
33.8,5.62
33.9,5.73
34,5.87
34.1,6.08
34.2,6.34
34.3,6.58
34.4,6.72
34.5,6.74
34.6,6.72
34.7,6.81
34.8,7.1
34.9,7.36
35,7.63
35.1,7.8
35.2,7.81
35.3,7.67
35.4,7.46
35.5,7.28
35.6,7.21
35.7,7.23
35.8,7.21
35.9,7.21
36,7.25
36.1,7.39
36.2,7.59
36.3,7.94
36.4,8.19
36.5,8.32
36.6,8.26
36.7,8
36.8,7.58
36.9,7.09
37,6.63
37.1,6.3
37.2,6.15
37.3,6.23
37.4,6.44
37.5,6.64
37.6,6.8
37.7,6.94
37.8,7.08
37.9,7.28
38,7.55
38.1,7.82
38.2,8.07
38.3,8.22
38.4,8.26
38.5,8.23
38.6,8.18
38.7,8.12
38.8,8.05
38.9,8
39,8.03
39.1,8.19
39.2,8.5
39.3,8.82
39.4,8.97
39.5,8.93
39.6,8.79
39.7,8.66
39.8,8.62
39.9,8.66
40,8.76
40.1,8.89
40.2,9
40.3,9
40.4,8.89
40.5,8.72
40.6,8.59
40.7,8.54
40.8,8.54
40.9,8.56
41,8.58
41.1,8.62
41.2,8.73
41.3,8.94
41.4,9.23
41.5,9.55
41.6,9.83
41.7,10.04
41.8,10.19
41.9,10.34
42,10.42
42.1,10.41
42.2,10.32
42.3,10.17
42.4,9.98
42.5,9.78
42.6,9.6
42.7,9.46
42.8,9.36
42.9,9.29
43,9.26
43.1,9.27
43.2,9.3
43.3,9.31
43.4,9.28
43.5,9.18
43.6,9.03
43.7,8.87
43.8,8.78
43.9,8.86
44,9.14
44.1,9.6
44.2,10.17
44.3,10.71
44.4,11.08
44.5,11.19
44.6,11.05
44.7,10.75
44.8,10.4
44.9,10.13
45,10.01
45.1,10.01
45.2,10.1
45.3,10.27
45.4,10.5
45.5,10.75
45.6,11.03
45.7,11.36
45.8,11.71
45.9,12.07
46,12.3
46.1,12.25
46.2,12.07
46.3,11.88
46.4,11.71
46.5,11.63
46.6,11.57
46.7,11.55
46.8,11.56
46.9,11.61
47,11.69
47.1,11.81
47.2,12.01
47.3,12.31
47.4,12.62
47.5,12.9
47.6,13.14
47.7,13.28
47.8,13.21
47.9,13.06
48,12.81
48.1,12.52
48.2,12.25
48.3,12.12
48.4,12.21
48.5,12.48
48.6,12.81
48.7,13.07
48.8,13.22
48.9,13.28
49,13.32
49.1,13.4
49.2,13.57
49.3,13.78
49.4,13.99
49.5,14.11
49.6,14.09
49.7,13.94
49.8,13.71
49.9,13.54
50,13.46
50.1,13.5
50.2,13.62
50.3,13.76
50.4,13.92
50.5,14.13
50.6,14.34
50.7,14.51
50.8,14.63
50.9,14.66
51,14.55
51.1,14.33
51.2,14.02
51.3,13.61
51.4,13.16
51.5,12.88
51.6,12.89
51.7,13.11
51.8,13.39
51.9,13.63
52,13.75
52.1,13.74
52.2,13.65
52.3,13.56
52.4,13.53
52.5,13.55
52.6,13.62
52.7,13.66
52.8,13.63
52.9,13.5
53,13.32
53.1,13.14
53.2,13
53.3,12.89
53.4,12.79
53.5,12.71
53.6,12.63
53.7,12.57
53.8,12.53
53.9,12.49
54,12.45
54.1,12.48
54.2,12.63
54.3,12.87
54.4,13.13
54.5,13.28
54.6,13.3
54.7,13.23
54.8,13.14
54.9,13.07
55,13.02
55.1,12.97
55.2,12.93
55.3,12.91
55.4,12.95
55.5,13.05
55.6,13.12
55.7,13.05
55.8,12.88
55.9,12.58
56,12.15
56.1,11.73
56.2,11.48
56.3,11.46
56.4,11.68
56.5,12.01
56.6,12.26
56.7,12.3
56.8,12.15
56.9,11.91
57,11.68
57.1,11.48
57.2,11.3
57.3,11.14
57.4,10.97
57.5,10.8
57.6,10.64
57.7,10.47
57.8,10.27
57.9,10.06
58,9.87
58.1,9.72
58.2,9.62
58.3,9.56
58.4,9.5
58.5,9.41
58.6,9.28
58.7,9.16
58.8,9.1
58.9,9.12
59,9.21
59.1,9.35
59.2,9.54
59.3,9.78
59.4,10.02
59.5,10.25
59.6,10.43
59.7,10.56
59.8,10.64
59.9,10.67
60,10.63
60.1,10.52
60.2,10.4
60.3,10.29
60.4,10.2
60.5,10.11
60.6,10.04
60.7,9.98
60.8,9.96
60.9,10
61,10.1
61.1,10.24
61.2,10.4
61.3,10.53
61.4,10.59
61.5,10.58
61.6,10.53
61.7,10.49
61.8,10.46
61.9,10.45
62,10.42
62.1,10.39
62.2,10.38
62.3,10.44
62.4,10.6
62.5,10.85
62.6,11.1
62.7,11.29
62.8,11.47
62.9,11.58
63,11.65
63.1,11.72
63.2,11.78
63.3,11.76
63.4,11.64
63.5,11.48
63.6,11.37
63.7,11.42
63.8,11.61
63.9,11.88
64,12.11
64.1,12.11
64.2,11.83
64.3,11.39
64.4,10.95
64.5,10.69
64.6,10.62
64.7,10.65
64.8,10.67
64.9,10.65
65,10.5
65.1,10.24
65.2,10.02
65.3,9.87
65.4,9.88
65.5,9.74
65.6,9.38
65.7,8.98
65.8,8.58
65.9,8.19
66,7.92
66.1,7.83
66.2,7.99
66.3,8.51
66.4,9.1
66.5,9.57
66.6,9.82
66.7,9.83
66.8,9.75
66.9,9.76
67,9.89
67.1,10.06
67.2,10.21
67.3,10.28
67.4,10.28
67.5,10.25
67.6,10.22
67.7,10.14
67.8,9.98
67.9,9.78
68,9.52
68.1,9.23
68.2,8.93
68.3,8.64
68.4,8.37
68.5,8.15
68.6,7.98
68.7,7.85
68.8,7.73
68.9,7.66
69,7.68
69.1,7.81
69.2,8.07
69.3,8.4
69.4,8.69
69.5,8.85
69.6,8.82
69.7,8.61
69.8,8.33
69.9,8.12
70,8.07
70.1,8.2
70.2,8.49
70.3,8.86
70.4,9.24
70.5,9.5
70.6,9.66
70.7,9.71
70.8,9.7
70.9,9.69
71,9.78
71.1,9.87
71.2,9.99
71.3,10.12
71.4,10.23
71.5,10.31
71.6,10.37
71.7,10.37
71.8,10.34
71.9,10.31
72,10.3
72.1,10.32
72.2,10.39
72.3,10.49
72.4,10.56
72.5,10.61
72.6,10.65
72.7,10.65
72.8,10.61
72.9,10.57
73,10.54
73.1,10.52
73.2,10.51
73.3,10.54
73.4,10.58
73.5,10.63
73.6,10.69
73.7,10.74
73.8,10.78
73.9,10.83
74,10.91
74.1,10.96
74.2,10.98
74.3,10.97
74.4,10.94
74.5,10.89
74.6,10.84
74.7,10.8
74.8,10.76
74.9,10.69
75,10.58
75.1,10.43
75.2,10.33
75.3,10.26
75.4,10.26
75.5,10.34
75.6,10.51
75.7,10.79
75.8,11.15
75.9,11.55
76,11.92
76.1,12.19
76.2,12.35
76.3,12.41
76.4,12.4
76.5,12.35
76.6,12.27
76.7,12.18
76.8,12.05
76.9,11.92
77,11.76
77.1,11.56
77.2,11.36
77.3,
77.4,
77.5,
77.6,
77.7,
77.8,
77.9,
78,
78.1,
78.2,
78.3,
78.4,
78.5,
78.6,
78.7,
78.8,
78.9,
79,
79.1,
79.2,
79.3,
79.4,
79.5,
79.6,
79.7,
79.8,
79.9,
80,
80.1,
80.2,
80.3,
80.4,
80.5,
80.6,
80.7,
80.8,
80.9,
81,
81.1,
81.2,
81.3,
81.4,
81.5,
81.6,
81.7,
81.8,
81.9,
82,
82.1,
82.2,
82.3,
82.4,
82.5,
82.6,
82.7,
82.8,
82.9,
83,
83.1,
83.2,
83.3,
83.4,
83.5,
83.6,
83.7,
83.8,
83.9,
84,
84.1,17.68
84.2,17.62
84.3,17.55
84.4,17.46
84.5,17.37
84.6,17.27
84.7,17.11
84.8,16.83
84.9,16.44
85,15.98
85.1,15.54
85.2,15.26
85.3,15.24
85.4,15.49
85.5,15.93
85.6,16.41
85.7,16.8
85.8,17.02
85.9,17.09
86,17.14
86.1,17.17
86.2,17.2
86.3,17.22
86.4,
86.5,
86.6,
86.7,
86.8,
86.9,
87,
87.1,
87.2,
87.3,
87.4,15.86
87.5,15.85
87.6,15.79
87.7,15.69
87.8,15.56
87.9,15.41
88,15.22
88.1,14.97
88.2,14.75
88.3,14.59
88.4,14.47
88.5,14.39
88.6,14.34
88.7,14.31
88.8,
88.9,
89,
89.1,
89.2,
89.3,
89.4,
89.5,
89.6,
89.7,
89.8,
89.9,
90,
90.1,
90.2,
90.3,
90.4,
90.5,
90.6,
90.7,
90.8,
90.9,15.59
91,15.63
91.1,15.63
91.2,15.58
91.3,15.52
91.4,15.46
91.5,15.36
91.6,15.32
91.7,15.47
91.8,15.54
91.9,15.77
92,15.95
92.1,16.11
92.2,16.3
92.3,16.25
92.4,16.16
92.5,16.02
92.6,15.9
92.7,15.84
92.8,15.87
92.9,15.96
93,16.15
93.1,16.59
93.2,17.21
93.3,17.82
93.4,18.29
93.5,18.49
93.6,18.53
93.7,18.58
93.8,18.64
93.9,18.68
94,18.69
94.1,18.67
94.2,13.41
94.3,13.38
94.4,13.36
94.5,13.35
94.6,13.35
94.7,13.36
94.8,13.38
94.9,13.41
95,13.41
95.1,13.39
95.2,13.37
95.3,13.36
95.4,13.37
95.5,13.11
95.6,12.16
95.7,11.85
95.8,11.79
95.9,11.73
96,11.73
96.1,11.83
96.2,12.02
96.3,12.26
96.4,12.5
96.5,12.77
96.6,13.16
96.7,13.64
96.8,14.09
96.9,14.41
97,14.52
97.1,14.48
97.2,14.41
97.3,14.35
97.4,14.28
97.5,14.15
97.6,13.94
97.7,13.69
97.8,13.41
97.9,13.2
98,13.08
98.1,13.02
98.2,13.01
98.3,13.06
98.4,13.15
98.5,13.35
98.6,13.63
98.7,13.9
98.8,14.09
98.9,14.14
99,14.06
99.1,13.91
99.2,13.74
99.3,13.65
99.4,13.71
99.5,13.9
99.6,14.17
99.7,14.47
99.8,14.63
99.9,14.56
100,14.24
100.1,13.98
100.2,13.78
100.3,13.69
100.4,13.72
100.5,13.75
100.6,13.74
100.7,13.67
100.8,13.54
100.9,13.39
101,13.3
101.1,13.3
101.2,13.39
101.3,13.54
101.4,13.71
101.5,13.86
101.6,13.95
101.7,13.96
101.8,13.9
101.9,13.72
102,13.44
102.1,13.17
102.2,12.94
102.3,12.78
102.4,12.64
102.5,12.46
102.6,12.21
102.7,11.88
102.8,11.56
102.9,11.32
103,11.18
103.1,11.18
103.2,11.28
103.3,11.39
103.4,11.51
103.5,11.61
103.6,11.73
103.7,11.96
103.8,12.29
103.9,12.71
104,13.14
104.1,13.54
104.2,13.88
104.3,14.11
104.4,14.25
104.5,14.3
104.6,14.28
104.7,14.22
104.8,14.2
104.9,14.25
105,14.4
105.1,14.58
105.2,14.73
105.3,14.8
105.4,14.81
105.5,14.8
105.6,14.77
105.7,14.68
105.8,14.12
105.9,13.43
106,12.73
106.1,12.17
106.2,12.12
106.3,12.13
106.4,12.22
106.5,12.36
106.6,12.52
106.7,12.64
106.8,12.69
106.9,12.7
107,12.75
107.1,12.89
107.2,13.14
107.3,13.44
107.4,13.73
107.5,13.93
107.6,14.02
107.7,14.09
107.8,13.76
107.9,13.35
108,12.88
0,0
